merchant_id,template_id,family,source
07izq8-pk.myshopify.com,1493c3de-a596-4a82-a05a-b5fb65cebd05,abandoned-checkout,ac-wave-1-20260711T122039Z
08e8df.myshopify.com,de9578b1-0871-4f39-b5d6-4b60461e4ca2,abandoned-checkout,ac-wave-4-20260711T122125Z
0a01uy-b1.myshopify.com,f7d68925-93e0-45ca-9e58-c0cd26c3ec36,abandoned-checkout,ac-wave-3-20260711T122109Z
0a80ir-jd.myshopify.com,476fa3d2-4414-45c0-84b7-97601e5e65a4,abandoned-checkout,ac-wave-5-20260711T122141Z
0cbevi-bk.myshopify.com,4b36bbf8-4dd9-423e-87a9-7d4e793da512,abandoned-checkout,ac-wave-1-20260711T122039Z
0dzec0-g5.myshopify.com,ba925a0f-e4d0-4984-a469-160b1ef820d7,abandoned-checkout,ac-wave-5-20260711T122141Z
0e6dyn-ic.myshopify.com,3260ec12-36f8-4da1-ae40-f21b8897e7a4,abandoned-checkout,ac-wave-5-20260711T122141Z
0ef4q1-qp.myshopify.com,91b461c7-4391-4fdb-91ce-0b72c875bbd2,abandoned-checkout,ac-wave-2-20260711T122055Z
0itd6c-wr.myshopify.com,b2e25333-b0ae-4d66-9213-48ab2bfd86d5,abandoned-checkout,ac-wave-3-20260711T122109Z
0jvr18-db.myshopify.com,0c1c1282-1edd-4568-9b37-075456f5b7cb,abandoned-checkout,ac-wave-5-20260711T122141Z
0n0frr-0u.myshopify.com,34cac093-2282-4291-8e80-bf05dcb59dff,abandoned-checkout,ac-wave-2-20260711T122055Z
0nadgr-k8.myshopify.com,07d265bc-3f75-4696-809b-ae94fcb3f1f6,abandoned-checkout,ac-wave-1-20260711T122039Z
0neczs-a9.myshopify.com,6e489d3d-a003-4a30-b261-5b826ad3d2a1,abandoned-checkout,ac-wave-2-20260711T122055Z
0ngtzs-1s.myshopify.com,e40b757a-01a9-4c4a-939e-eb8d8ae08b04,abandoned-checkout,ac-wave-4-20260711T122125Z
0qgd2p-kg.myshopify.com,29bbf512-7e70-46f1-9755-174ee0725c8d,abandoned-checkout,ac-wave-3-20260711T122109Z
0sdtvw-0v.myshopify.com,27661c5e-c1a5-4689-81a4-980f3b0a18c4,abandoned-checkout,ac-wave-5-20260711T122141Z
0u7z3v-ak.myshopify.com,457f4764-4016-4849-bc9f-20f648e70e2c,abandoned-checkout,ac-wave-2-20260711T122055Z
0uukg9-kt.myshopify.com,dc758007-94a6-4821-8aeb-b4c27acd32de,abandoned-checkout,ac-wave-6-20260711T122154Z
0vmnwf-1q.myshopify.com,cbaad055-4335-4b1d-9a11-53ac6261a815,abandoned-checkout,ac-wave-1-20260711T122039Z
0xc0cc-de.myshopify.com,e19180b1-a066-4af1-a8c6-8649c1014f81,abandoned-checkout,ac-wave-2-20260711T122055Z
10t0fk-bi.myshopify.com,580c5e0a-c152-4f5f-8a5b-480a2f25e614,abandoned-checkout,ac-wave-5-20260711T122141Z
11ndud-1j.myshopify.com,9beec76b-20d7-4319-8678-7e3d652ef276,abandoned-checkout,ac-wave-4-20260711T122125Z
11nj4r-c1.myshopify.com,400e43cc-f6a8-43ae-9abe-bc412461e452,abandoned-checkout,ac-wave-1-20260711T122039Z
13d70c-2.myshopify.com,21d13249-df38-4b87-a146-b8cf0b98306b,abandoned-checkout,ac-wave-5-20260711T122141Z
14fev1-yj.myshopify.com,a461d372-55d5-4805-a74f-09afa14f34f7,abandoned-checkout,ac-wave-3-20260711T122109Z
1d1x19-du.myshopify.com,27f9ed76-75b1-4f6c-b555-89264f7f0601,abandoned-checkout,ac-wave-3-20260711T122109Z
1dfy89-jp.myshopify.com,a4d998f0-8dbf-4648-994c-aac01309ea2a,abandoned-checkout,ac-wave-3-20260711T122109Z
1esd1t-ut.myshopify.com,212ce9bb-adc7-4d3c-aa9c-9cfb83a30074,abandoned-checkout,ac-wave-5-20260711T122141Z
1esezk-p5.myshopify.com,591e29da-8018-4aba-b766-b9249483ca6a,abandoned-checkout,ac-wave-3-20260711T122109Z
1k1ihf-yk.myshopify.com,a6dbc7e9-7570-4bd9-9d09-afacf84a1910,abandoned-checkout,ac-wave-4-20260711T122125Z
1mitfu-1z.myshopify.com,cb87d578-bf9a-44c2-96e0-dc962a6a03fa,abandoned-checkout,ac-wave-1-20260711T122039Z
1natdc-73.myshopify.com,c01f65a7-7952-4438-b2ca-b75aa16392f9,abandoned-checkout,ac-wave-4-20260711T122125Z
1qjf1e-j1.myshopify.com,de45beb3-ed8d-4592-97fc-9314a4ea0439,abandoned-checkout,ac-wave-4-20260711T122125Z
1rvdwx-ma.myshopify.com,cf625e44-bac5-43e9-95f7-bc112135b4a9,abandoned-checkout,ac-wave-3-20260711T122109Z
1s5cxv-jj.myshopify.com,3c26670b-2136-4323-ad85-516cbdf45efc,abandoned-checkout,ac-wave-4-20260711T122125Z
1vyjef-u4.myshopify.com,7eeeee4b-7946-4a8c-9ee5-24e2971edee5,abandoned-checkout,ac-wave-1-20260711T122039Z
1wqgky-wn.myshopify.com,b7a802d5-6da0-4017-a727-ee54a2fd20a1,abandoned-checkout,ac-wave-1-20260711T122039Z
1ycrad-r0.myshopify.com,af9e2467-9d79-4b63-9a6b-662f69044039,abandoned-checkout,ac-wave-3-20260711T122109Z
23e96b.myshopify.com,8e272f11-1947-4bbf-81f9-963445b85b20,abandoned-checkout,ac-wave-4-20260711T122125Z
2aa4e8-76.myshopify.com,77b14c2a-a1bf-4009-b26d-1cb8a6e2b3f8,abandoned-checkout,ac-wave-4-20260711T122125Z
2cffb3-2.myshopify.com,6e59b910-c0fd-419d-802b-d783ea5e59f5,abandoned-checkout,ac-wave-2-20260711T122055Z
2d7xqc-uz.myshopify.com,27fc9811-3c86-458b-af4a-1020e9c0683a,abandoned-checkout,ac-wave-5-20260711T122141Z
2h63sy-vy.myshopify.com,55acd4a9-69bc-4b0f-b008-da4af84004ce,abandoned-checkout,ac-wave-5-20260711T122141Z
2hwrui-hg.myshopify.com,75ee2cfc-0dbb-4575-b5aa-e39a2c9e6408,abandoned-checkout,ac-wave-1-20260711T122039Z
2kdmqa-23.myshopify.com,41200be3-2604-46c6-a319-712f481a1fbd,abandoned-checkout,ac-wave-5-20260711T122141Z
2nakig-4d.myshopify.com,771312c3-ca44-407c-a4e9-b166b229f6df,abandoned-checkout,ac-wave-6-20260711T122154Z
2pm4y0-qw.myshopify.com,81ee2abb-ccc5-4f5a-ae5d-999534e65603,abandoned-checkout,ac-wave-2-20260711T122055Z
2sgivu-2k.myshopify.com,f8079e96-4a15-4709-9226-559a345f18c2,abandoned-checkout,ac-wave-1-20260711T122039Z
2skruf-pd.myshopify.com,2585cab0-1016-431c-831a-d8618547c875,abandoned-checkout,ac-wave-3-20260711T122109Z
2wuyfy-11.myshopify.com,23e35a41-6db1-4596-92d5-8961a49820e1,abandoned-checkout,ac-wave-2-20260711T122055Z
34454f-e7.myshopify.com,91cdfd49-137a-4eac-9e3c-1cb72dd080ea,abandoned-checkout,ac-wave-2-20260711T122055Z
38idqj-es.myshopify.com,83724206-cf42-4d3d-8e6b-94f28aa6d529,abandoned-checkout,ac-wave-5-20260711T122141Z
396ba9-ea.myshopify.com,afe50efc-ab0e-4b7d-8db7-e5cbdf98fef3,abandoned-checkout,ac-wave-3-20260711T122109Z
3a4rgd-1f.myshopify.com,96f1b396-7901-4840-81d5-574d969c7fa6,abandoned-checkout,ac-wave-3-20260711T122109Z
3ny1nw-8u.myshopify.com,83c271b3-c9ec-4019-8342-5048a0be25b6,abandoned-checkout,ac-wave-5-20260711T122141Z
3nzwvf-ub.myshopify.com,3de97f90-15b2-42af-bbd8-7626e8dec334,abandoned-checkout,ac-wave-5-20260711T122141Z
3pr01g-k0.myshopify.com,b8089dab-4bac-454b-99ae-b6a3d16789a3,abandoned-checkout,ac-wave-1-20260711T122039Z
3rjndz-vx.myshopify.com,d2975875-4e3d-4016-b544-af973871122a,abandoned-checkout,ac-wave-2-20260711T122055Z
3scvdw-1n.myshopify.com,d7e3cac8-904a-4028-afb0-0a04289e5644,abandoned-checkout,ac-wave-2-20260711T122055Z
3tztxq-q0.myshopify.com,6ebd18c6-1523-45b4-8022-00bb62a7af65,abandoned-checkout,ac-wave-3-20260711T122109Z
43147d-61.myshopify.com,408dcfb2-583a-4f31-add5-9734b6ae0115,abandoned-checkout,ac-wave-5-20260711T122141Z
46r85j-7s.myshopify.com,0f6d96a5-e777-497c-83d2-7766f2c64787,abandoned-checkout,ac-wave-1-20260711T122039Z
497f20-38.myshopify.com,d915852f-b559-4254-ac03-42c846a6ab4c,abandoned-checkout,ac-wave-2-20260711T122055Z
49umsh-gf.myshopify.com,67c70eb1-2a64-45a1-b249-f4dad0323e09,abandoned-checkout,ac-wave-6-20260711T122154Z
4a1gb1-3x.myshopify.com,d9297f2f-0156-4f95-97a8-fc8a59c485e9,abandoned-checkout,ac-wave-1-20260711T122039Z
4b0cc7-4.myshopify.com,1ff9fb04-3740-498d-ace6-b64ea23427df,abandoned-checkout,ac-wave-1-20260711T122039Z
4cc8hi-3d.myshopify.com,d853ab19-882e-4cac-8d5a-a4fb8ea4c149,abandoned-checkout,ac-wave-6-20260711T122154Z
4ccbd0.myshopify.com,4c5f28a4-7338-4e49-b975-34a6e0db8dd8,abandoned-checkout,ac-wave-4-20260711T122125Z
4e6ry0-p8.myshopify.com,c0ad81b7-fb8e-4e8f-9a60-de27d95ac121,abandoned-checkout,ac-wave-2-20260711T122055Z
4hf1fb-kw.myshopify.com,2cb8fab1-931f-4775-9729-641fd2a5fbf7,abandoned-checkout,ac-wave-1-20260711T122039Z
4i02pe-8c.myshopify.com,941dade9-8795-4441-9454-497f98130502,abandoned-checkout,ac-wave-5-20260711T122141Z
4tdqzz-d9.myshopify.com,91359493-3b02-4380-ae08-32730f59ad4a,abandoned-checkout,ac-wave-3-20260711T122109Z
4wpk0j-u1.myshopify.com,de4a0f25-0562-424b-ae31-6db34346bfb9,abandoned-checkout,ac-wave-1-20260711T122039Z
51xpjb-9j.myshopify.com,d40d4ac3-71f4-4aee-bc54-d6d540d2610b,abandoned-checkout,ac-wave-4-20260711T122125Z
523c2e.myshopify.com,f96b0d22-f857-4144-9b5c-415739bdf4e1,abandoned-checkout,ac-wave-2-20260711T122055Z
550f77-3.myshopify.com,1391e115-232e-4eea-8fe7-5e2eaca1132e,abandoned-checkout,ac-wave-2-20260711T122055Z
55bcbb-e2.myshopify.com,c9d5635a-b8fa-434e-807c-37c8c369c629,abandoned-checkout,ac-wave-4-20260711T122125Z
58d70f-95.myshopify.com,e786f8da-bc2a-4d3f-bcdb-51051c213ef8,abandoned-checkout,ac-wave-3-20260711T122109Z
5b2fd9-4.myshopify.com,e406e754-5d60-4f3a-8127-39e15e28a006,abandoned-checkout,ac-wave-5-20260711T122141Z
5cgwve-qf.myshopify.com,f12c23a0-231e-4a07-89da-dee7462aa4f9,abandoned-checkout,ac-wave-2-20260711T122055Z
5g1kdp-sr.myshopify.com,77530c16-a30d-4344-bd59-ce93f4afa1d8,abandoned-checkout,ac-wave-4-20260711T122125Z
5k0i0i-hs.myshopify.com,4c982db9-f906-46c3-bab6-34cf67f570ca,abandoned-checkout,ac-wave-4-20260711T122125Z
5m0jfs-qp.myshopify.com,16503651-22e6-4dae-b535-1da4cc6c15b1,abandoned-checkout,ac-wave-3-20260711T122109Z
5yvtk3-ab.myshopify.com,50900cc0-b31d-47d6-9cf1-83c66bfba7c1,abandoned-checkout,ac-wave-4-20260711T122125Z
654xne-c5.myshopify.com,f94ed26b-51aa-44b8-b7da-384a2b9dcd40,abandoned-checkout,ac-wave-1-20260711T122039Z
67xihs-n0.myshopify.com,5609a1f5-9898-4448-9197-dbe938508bcd,abandoned-checkout,ac-wave-3-20260711T122109Z
6c04bm-d3.myshopify.com,93367790-bb4f-4348-b2d3-65918c1e7c3c,abandoned-checkout,ac-wave-5-20260711T122141Z
6dc27a.myshopify.com,4f543a92-3bcc-45c0-8f8d-600f0ddb9f50,abandoned-checkout,ac-wave-1-20260711T122039Z
6j07v3-uf.myshopify.com,9fc4d0fb-fcee-4432-a24c-4c288cc87167,abandoned-checkout,ac-wave-4-20260711T122125Z
6j6z7e-fu.myshopify.com,9c2e20ca-a512-4352-b022-ff7536a6c2c1,abandoned-checkout,ac-wave-4-20260711T122125Z
6n4pdz-a0.myshopify.com,470d0a90-7ab3-470b-86d9-4b7dd92ab92a,abandoned-checkout,ac-wave-4-20260711T122125Z
6np1tv-rx.myshopify.com,5597b2a0-7ac6-4a6c-88e1-b7285f59da4c,abandoned-checkout,ac-wave-4-20260711T122125Z
742d76-e0.myshopify.com,dc8f1c63-499f-485e-985c-89a23b95cafd,abandoned-checkout,ac-wave-3-20260711T122109Z
77e20c-3.myshopify.com,aa3fb41c-2891-4ee6-b584-9eb629a7593f,abandoned-checkout,ac-wave-6-20260711T122154Z
790e2b-a8.myshopify.com,c30bdbf4-78e1-4b15-a4fb-94e775d1b3bb,abandoned-checkout,ac-wave-4-20260711T122125Z
7b04e4-80.myshopify.com,ea474d04-0d8e-42b4-9b41-def42af15090,abandoned-checkout,ac-wave-4-20260711T122125Z
7b83e1-b0.myshopify.com,24d0f651-5572-4661-83c4-89c04ba76be0,abandoned-checkout,ac-wave-3-20260711T122109Z
7db749-44.myshopify.com,aad86a4e-0674-4581-864a-884e467a3ccf,abandoned-checkout,ac-wave-3-20260711T122109Z
81ab93-44.myshopify.com,1cc4cd72-bcb7-4d3c-b695-7313c5e92b60,abandoned-checkout,ac-wave-1-20260711T122039Z
83afdc-3.myshopify.com,d4c6b6e9-470f-49d5-887d-26d39a741468,abandoned-checkout,ac-wave-5-20260711T122141Z
88hhk0-qj.myshopify.com,cac30a6e-efeb-4e8e-8aee-627bd2e8defe,abandoned-checkout,ac-wave-2-20260711T122055Z
88sydp-de.myshopify.com,f72abb66-b033-465d-8591-b803d0a8998b,abandoned-checkout,ac-wave-1-20260711T122039Z
8b01c4-2.myshopify.com,afc3d455-2a10-4831-b88e-e0aa4d1e1306,abandoned-checkout,ac-wave-1-20260711T122039Z
8f1vik-d1.myshopify.com,98e46406-697f-4e83-80a3-d39775bf0408,abandoned-checkout,ac-wave-6-20260711T122154Z
8f55a4-12.myshopify.com,620cd19a-294d-45e1-914c-be8a3c59c72b,abandoned-checkout,ac-wave-1-20260711T122039Z
8h9uxx-xt.myshopify.com,6f97dec6-a07b-464c-9de3-24e28e959fc7,abandoned-checkout,ac-wave-6-20260711T122154Z
8vcm5a-2z.myshopify.com,9282ce32-f0a0-4251-8770-b30370418949,abandoned-checkout,ac-wave-3-20260711T122109Z
951d28-8e.myshopify.com,781631e8-c376-41c5-b686-ba23e339beaa,abandoned-checkout,ac-wave-4-20260711T122125Z
95bd0d.myshopify.com,a5ebfc76-e987-45d6-9525-4d02e7a8356e,abandoned-checkout,ac-wave-5-20260711T122141Z
9heieb-e0.myshopify.com,9c91c48f-c040-4c30-b2cd-0a57fd5c1aeb,abandoned-checkout,ac-wave-4-20260711T122125Z
9mx6a8-kf.myshopify.com,d025f219-8114-47f1-bb7a-7a2d3a3ccfa4,abandoned-checkout,ac-wave-3-20260711T122109Z
9ta3bs-i0.myshopify.com,fc247d87-bd9b-4b40-bc39-bd3bcfb93eb3,abandoned-checkout,ac-wave-2-20260711T122055Z
a0u0fx-0t.myshopify.com,f4f66c6c-45e5-46c2-b922-2a66dbd308d8,abandoned-checkout,ac-wave-2-20260711T122055Z
a11xpg-p0.myshopify.com,202f698f-6a6e-4657-81cc-ad721a3c2734,abandoned-checkout,ac-wave-5-20260711T122141Z
a30211-5f.myshopify.com,fc23cd55-8384-4de5-8ea9-ffc891ae834f,abandoned-checkout,ac-wave-1-20260711T122039Z
a4145a-7a.myshopify.com,67015cdd-3807-4e25-8c42-87a3ffd537d8,abandoned-checkout,ac-wave-2-20260711T122055Z
a94f40-40.myshopify.com,77e64fce-217c-48a2-b269-118c6f596a8d,abandoned-checkout,ac-wave-6-20260711T122154Z
a9ba1e-4.myshopify.com,8390a7ba-34f3-4b3c-a7c2-a12063da05ac,abandoned-checkout,ac-wave-2-20260711T122055Z
aa1k2f-ue.myshopify.com,4829988f-bf43-496c-9547-bc0eb5d363b1,abandoned-checkout,ac-wave-2-20260711T122055Z
aare-beauty.myshopify.com,82169a26-547e-4edc-96d9-26eaeb5b3436,abandoned-checkout,ac-wave-4-20260711T122125Z
acb1d8-b2.myshopify.com,c2f9c2ad-0b28-43a2-879a-86ded4ad5fb0,abandoned-checkout,ac-wave-3-20260711T122109Z
acn92v-zy.myshopify.com,05f8f4bb-ef50-4c8c-8c9b-bc1007448a78,abandoned-checkout,ac-wave-3-20260711T122109Z
admin-196180485595487.myshopify.com,d8bcba80-20a1-44bf-b8b6-de47ed5338c2,abandoned-checkout,ac-wave-6-20260711T122154Z
aexhtf-sr.myshopify.com,8515c768-e727-4254-9af6-40366bdaea02,abandoned-checkout,ac-wave-6-20260711T122154Z
afebd2.myshopify.com,93ea33f4-8c18-4d8a-8bb3-731f59b38e86,abandoned-checkout,ac-wave-6-20260711T122154Z
afhh30-q0.myshopify.com,53d89f93-1a1a-4517-a38a-332d82d24a1f,abandoned-checkout,ac-wave-4-20260711T122125Z
aihw5n-kh.myshopify.com,b57dd04c-4427-4617-8534-199f125a0cd7,abandoned-checkout,ac-wave-2-20260711T122055Z
ainaura.myshopify.com,8a6b8174-757b-4851-9bdd-5e4822e4bb06,abandoned-checkout,ac-wave-1-20260711T122039Z
aksobha2015.myshopify.com,dbab942e-c1b0-4743-833d-f1584fda4ace,abandoned-checkout,ac-wave-6-20260711T122154Z
aktk35-dy.myshopify.com,89cab718-bebc-4128-a10a-06e6040000c4,abandoned-checkout,ac-wave-4-20260711T122125Z
and1ug-x8.myshopify.com,cfcf32ca-21d8-4c83-aa62-3967f989353c,abandoned-checkout,ac-wave-5-20260711T122141Z
app-review-abf621bb-r2391-a0.myshopify.com,d874374b-2954-4b13-acfd-fd48687cee7a,abandoned-checkout,ac-wave-5-20260711T122141Z
aqpktb-d0.myshopify.com,2c5ac1e6-c6f8-41fa-b5b5-e952cda38a03,abandoned-checkout,ac-wave-5-20260711T122141Z
arp3zk-63.myshopify.com,c6b71c90-79cf-45f5-adf2-1101b6171607,abandoned-checkout,ac-wave-4-20260711T122125Z
au04dp-cv.myshopify.com,68708905-8287-428a-9772-58bf30bb5aad,abandoned-checkout,ac-wave-6-20260711T122154Z
aushadhm.myshopify.com,262421b1-e10b-4b70-b0ca-67ec4336b50d,abandoned-checkout,ac-wave-5-20260711T122141Z
aw1vys-r0.myshopify.com,67b1a6b5-f78c-4fe1-94ee-bce173a3e467,abandoned-checkout,ac-wave-5-20260711T122141Z
ayurvedapower.myshopify.com,e639fc39-dcbb-4d52-8797-a4ed19dd3cbd,abandoned-checkout,ac-wave-1-20260711T122039Z
b0q7r3-wd.myshopify.com,5d54b340-e750-416a-b6e6-d105f854615b,abandoned-checkout,ac-wave-3-20260711T122109Z
b1k18x-qr.myshopify.com,18159a42-303a-455e-8e8e-b72433c3136d,abandoned-checkout,ac-wave-6-20260711T122154Z
b3986e-3.myshopify.com,2229cf62-84eb-48a5-9be4-d30eca59b9e8,abandoned-checkout,ac-wave-5-20260711T122141Z
b7pk60-u9.myshopify.com,80f56131-f400-45fc-9bee-4f6562250325,abandoned-checkout,ac-wave-4-20260711T122125Z
b8nje1-40.myshopify.com,9cb9fb9d-6ec1-4d41-a65f-8b2a8e2acbd0,abandoned-checkout,ac-wave-5-20260711T122141Z
b8ty3h-0w.myshopify.com,c9431107-12d8-4cb6-8e49-56b53d38c9b0,abandoned-checkout,ac-wave-2-20260711T122055Z
bakty5-ma.myshopify.com,776f8240-572c-4c90-b2f6-5867a4ed360f,abandoned-checkout,ac-wave-2-20260711T122055Z
baqe0a-mu.myshopify.com,5348aae7-2b01-43a1-ab3d-384c4393be5e,abandoned-checkout,ac-wave-2-20260711T122055Z
bd08f1-2.myshopify.com,b22597ee-86bf-4255-a06b-acc126653baf,abandoned-checkout,pre-existing
bdrpza-uh.myshopify.com,6900aca7-618b-4464-812e-58525b4884ae,abandoned-checkout,ac-wave-1-20260711T122039Z
bedsheet-company.myshopify.com,a9878d0f-3960-4476-84ec-67bb5c87fb00,abandoned-checkout,ac-wave-5-20260711T122141Z
betterhood-shop.myshopify.com,5385f657-74ed-45f0-b3ba-f4fe60a3d1b0,abandoned-checkout,ac-wave-4-20260711T122125Z
beyond-bound.myshopify.com,64c80c77-442f-45b3-aca3-7886283e202a,abandoned-checkout,ac-wave-6-20260711T122154Z
bj6yiy-fm.myshopify.com,b0e558ab-1dda-4a25-94bf-951cca8b8110,abandoned-checkout,ac-wave-1-20260711T122039Z
bk5jwr-zk.myshopify.com,4ee6748e-c2e1-400d-9696-eddfbc09d81e,abandoned-checkout,ac-wave-2-20260711T122055Z
bkfgay-1n.myshopify.com,2fe8644c-4867-4e2c-9ce0-6a4f12bea7cf,abandoned-checkout,ac-wave-1-20260711T122039Z
bknu1q-0j.myshopify.com,551bcafa-05e4-4ab4-95e7-c9c71cada884,abandoned-checkout,ac-wave-4-20260711T122125Z
blackship-in.myshopify.com,3cc1d8eb-a59c-4f04-a630-4f11a6e956c7,abandoned-checkout,ac-wave-5-20260711T122141Z
bmut0f-g0.myshopify.com,159d7b04-5eef-4168-9547-de48d037e00b,abandoned-checkout,ac-wave-2-20260711T122055Z
bomaachi.myshopify.com,9312ba78-4dd2-4229-b99d-8e0bb420728f,abandoned-checkout,ac-wave-1-20260711T122039Z
bpunch.myshopify.com,01384c5f-174e-4acc-bc3e-b7ec81791616,abandoned-checkout,ac-wave-1-20260711T122039Z
breeze-amreet-test1.myshopify.com,3f93c5b6-d0b7-4efd-8e03-a141d1caaf08,abandoned-checkout,ac-wave-5-20260711T122141Z
breeze-amreet-test4.myshopify.com,0f6abd91-a82c-4d3a-8a90-713586341ebe,abandoned-checkout,ac-wave-4-20260711T122125Z
breeze-badri-testing.myshopify.com,73d4fa7c-896c-412f-8117-a3958351e43a,abandoned-checkout,ac-wave-3-20260711T122109Z
breeze-buddy-cod.myshopify.com,79e454ad-b7da-458f-8337-dfdd7d1c7f95,abandoned-checkout,ac-wave-3-20260711T122109Z
breeze-dragonstone-prod.myshopify.com,3fee9710-6d59-4e6b-94fb-ad81d8aa16c9,abandoned-checkout,ac-wave-2-20260711T122055Z
breeze-gcp-beta.myshopify.com,2bb3af06-b218-46eb-9d29-e1e5c77efe86,abandoned-checkout,ac-canary-20260711T121940Z
breeze-it-store.myshopify.com,8e61075f-5436-4771-a967-ef8479f0662a,abandoned-checkout,ac-wave-3-20260711T122109Z
breeze-mocking-wand-horcrux.myshopify.com,e4e4dab5-7343-4007-85d9-d91d153efa6d,abandoned-checkout,ac-wave-1-20260711T122039Z
breeze-priyanshi-gcp.myshopify.com,b6ea3e72-3171-408c-9388-4ec9b0097351,abandoned-checkout,ac-wave-1-20260711T122039Z
breeze-rishabh-beta-store.myshopify.com,915e744f-5c45-48a5-9a38-fcf2704e7080,abandoned-checkout,ac-wave-2-20260711T122055Z
breeze-rishabh-beta-store-testing.myshopify.com,c326419e-9b65-4cfd-8036-690c7c40dac8,abandoned-checkout,ac-wave-3-20260711T122109Z
breeze-smb-test.myshopify.com,c1a89e9b-bb8e-4370-b3d4-c382bc7951ec,abandoned-checkout,ac-wave-2-20260711T122055Z
breeze-supercheckout.myshopify.com,e66bf6e8-8d96-4c8d-ab0a-db35d0b61d95,abandoned-checkout,ac-wave-1-20260711T122039Z
breeze-test-2027.myshopify.com,90f16ba9-f102-4bf8-82c4-42c16525153d,abandoned-checkout,ac-wave-1-20260711T122039Z
breeze-utkarsh-beta-store-testing.myshopify.com,3e0d2b2c-a537-4125-b462-5e6398fb48a6,abandoned-checkout,ac-wave-4-20260711T122125Z
bvrbqe-mr.myshopify.com,862eb88e-3e47-415a-8d64-533379375760,abandoned-checkout,ac-wave-1-20260711T122039Z
bwhkfe-gb.myshopify.com,2bbba5c6-be78-4bf9-8407-154914c5053c,abandoned-checkout,ac-wave-3-20260711T122109Z
bwutyq-dv.myshopify.com,fbe3a897-aa98-473c-9844-269971f712a2,abandoned-checkout,ac-wave-1-20260711T122039Z
c3jzsy-yk.myshopify.com,6df08ea3-6ccf-4ee6-9d25-38fc7044b2a9,abandoned-checkout,ac-wave-5-20260711T122141Z
c6360d-bd.myshopify.com,9f02295b-f1e9-4c42-af76-9bfbbea13ce3,abandoned-checkout,ac-wave-1-20260711T122039Z
carlton-bags-india.myshopify.com,26feb670-2bb8-4ec3-a3b8-177698beb703,abandoned-checkout,ac-wave-1-20260711T122039Z
cavasachocolates.myshopify.com,464902da-51e3-4e63-bba4-bca22259938a,abandoned-checkout,ac-wave-3-20260711T122109Z
ccdqyn-qx.myshopify.com,24a69054-7f9b-4c0e-8123-1128198c5181,abandoned-checkout,ac-wave-1-20260711T122039Z
ccz0yt-yg.myshopify.com,fbf8522d-a56b-4302-850d-add2d97bd258,abandoned-checkout,ac-wave-3-20260711T122109Z
cepvpd-6k.myshopify.com,a90b09f9-a548-4c65-b4bb-131ee1571c0f,abandoned-checkout,ac-wave-2-20260711T122055Z
cfc837-c5.myshopify.com,4c08991e-567e-4c2d-b1d9-8ec78168bd1e,abandoned-checkout,ac-wave-3-20260711T122109Z
chewbells.myshopify.com,6cf65232-758d-4413-96fe-275f3a695abe,abandoned-checkout,ac-wave-1-20260711T122039Z
ck4vdu-xi.myshopify.com,814ff227-0a2a-4f5e-b540-b9c76d9a16f9,abandoned-checkout,ac-wave-3-20260711T122109Z
ckxcyf-as.myshopify.com,cec7b995-056d-46a9-9664-61a3600f5b72,abandoned-checkout,ac-wave-5-20260711T122141Z
cm1pc7-eb.myshopify.com,eba953da-0e73-47b7-8b3e-95f69a2c04da,abandoned-checkout,ac-wave-1-20260711T122039Z
cng12c-ep.myshopify.com,d02c5182-3ee7-48e0-91af-3855ef4aff11,abandoned-checkout,ac-wave-2-20260711T122055Z
creeklifestyl.myshopify.com,19dfe46e-27df-4c52-969a-7cea7067d2e2,abandoned-checkout,ac-wave-5-20260711T122141Z
cx6fd8-5p.myshopify.com,cbb01435-3af4-4760-a171-b83d2a45f46f,abandoned-checkout,ac-wave-3-20260711T122109Z
cxz0xi-kv.myshopify.com,01ea7bf2-23a5-4e0e-bbc4-1fabeb090429,abandoned-checkout,ac-wave-5-20260711T122141Z
cz0f06-kc.myshopify.com,3cbfb751-fd91-4191-bcb9-d6911806941d,abandoned-checkout,ac-wave-2-20260711T122055Z
czh0ka-3e.myshopify.com,4d439e9c-f22b-440d-81f3-984c50e557eb,abandoned-checkout,ac-wave-5-20260711T122141Z
d202ej-pn.myshopify.com,722f7293-2656-4a47-b49e-aee9cb4f0020,abandoned-checkout,ac-wave-3-20260711T122109Z
d2c-store-beta.myshopify.com,fa17d065-3c48-4e59-9a53-28ce7fe57123,abandoned-checkout,ac-wave-2-20260711T122055Z
d90r0q-yq.myshopify.com,3a7770d1-5249-4b11-ac6c-90af3ff26ad9,abandoned-checkout,ac-wave-4-20260711T122125Z
d9dzde-jy.myshopify.com,958b222f-4d92-477a-95ca-2d179db5e492,abandoned-checkout,ac-wave-2-20260711T122055Z
da12p7-dq.myshopify.com,3745fe03-61ff-45f6-a2cf-f977b26fedd7,abandoned-checkout,ac-wave-3-20260711T122109Z
daj8kw-mh.myshopify.com,88c6a9dc-0297-4101-9adf-1422d331b103,abandoned-checkout,ac-wave-2-20260711T122055Z
dashiastore.myshopify.com,4fbad1db-e2b4-4bad-a733-722692628f85,abandoned-checkout,ac-wave-4-20260711T122125Z
dd0zke-ey.myshopify.com,66b8624d-20c8-4b8d-b61a-549b4bd87d4a,abandoned-checkout,ac-wave-2-20260711T122055Z
dd2b75-4e.myshopify.com,6403c93f-f3a5-48bd-9b6f-acd226df0733,abandoned-checkout,ac-wave-5-20260711T122141Z
dd4ec8-fe.myshopify.com,4646ca35-1bbd-4776-bab2-f141d715c556,abandoned-checkout,ac-wave-3-20260711T122109Z
dde5f0-9e.myshopify.com,71968c6f-fc4c-4c00-a8a4-3c5131df7635,abandoned-checkout,ac-wave-1-20260711T122039Z
de15e7-2.myshopify.com,4eb643bd-acb0-4b6a-8047-d2542e063e38,abandoned-checkout,ac-wave-4-20260711T122125Z
dffp5c-az.myshopify.com,4075d859-5ccf-46f1-8b85-5f4f02840613,abandoned-checkout,ac-wave-1-20260711T122039Z
dopecart18.myshopify.com,0f06ae0f-288e-46f9-969b-076f3d8e42c6,abandoned-checkout,ac-wave-2-20260711T122055Z
dqahrk-89.myshopify.com,5a7d2a32-8bfb-4b5f-a45a-31d46f53cf48,abandoned-checkout,ac-wave-3-20260711T122109Z
drsachinn.myshopify.com,ea2f413a-5243-4495-baf1-02ab475ca4b8,abandoned-checkout,ac-wave-1-20260711T122039Z
drw57i-wz.myshopify.com,44b9eecd-d964-426d-b0a4-2b7d2aaf3749,abandoned-checkout,ac-wave-1-20260711T122039Z
drxme8-z5.myshopify.com,74a943f6-14ee-40f0-8891-f0c3987342d5,abandoned-checkout,ac-wave-4-20260711T122125Z
ds0vht-kj.myshopify.com,64df99cf-eef4-4cc0-9853-defad9c01d65,abandoned-checkout,ac-wave-5-20260711T122141Z
durvalife.myshopify.com,16c01fab-1bdf-4b10-b6b2-788c1ed22253,abandoned-checkout,ac-wave-3-20260711T122109Z
duvxjd-vc.myshopify.com,c6425208-fa5f-479e-80fb-66faa8e7d67f,abandoned-checkout,ac-wave-4-20260711T122125Z
dvsf1y-nk.myshopify.com,8bc2fbaf-fdfc-457d-bef0-4e13c2ff981c,abandoned-checkout,ac-wave-2-20260711T122055Z
dwcrn3-cc.myshopify.com,c502c9f5-8009-47bd-8238-7e0f5a6eb65b,abandoned-checkout,ac-wave-6-20260711T122154Z
dwkkwt-ac.myshopify.com,935ba903-7045-462c-b64b-8be7c216f04b,abandoned-checkout,ac-wave-2-20260711T122055Z
dxvdav-7p.myshopify.com,ea0bdc26-a210-4782-9909-78bd186def89,abandoned-checkout,ac-wave-3-20260711T122109Z
dyda6m-sj.myshopify.com,3d81d428-387a-418d-a2fc-57062087f33e,abandoned-checkout,ac-wave-3-20260711T122109Z
e0z0pu-x1.myshopify.com,81d20bc0-299e-4a05-8956-f2a8f5ea37d9,abandoned-checkout,ac-wave-4-20260711T122125Z
e1ciyf-f9.myshopify.com,0d875e7c-cd83-4212-af2c-09e21ad080d2,abandoned-checkout,ac-wave-5-20260711T122141Z
e4d03b-ed.myshopify.com,a6a8a745-309e-4116-ba20-5c840c10dbe3,abandoned-checkout,ac-wave-1-20260711T122039Z
e5wv34-yn.myshopify.com,4601fc4c-65a5-4fed-addb-ec49a4ce8967,abandoned-checkout,ac-wave-5-20260711T122141Z
e6c21e-2b.myshopify.com,24a89cdd-b878-4517-8fc5-f8bafb7e64a4,abandoned-checkout,ac-wave-5-20260711T122141Z
e97f92-0e.myshopify.com,dddf6468-f94d-466f-a7ae-36ca498b5b99,abandoned-checkout,ac-wave-4-20260711T122125Z
e9fb7b-2.myshopify.com,a6219a52-722c-402a-bdc4-db4cffa35616,abandoned-checkout,ac-wave-3-20260711T122109Z
ebpg99-bu.myshopify.com,25be5a4c-6a2f-4863-982b-b0889dbf5d2b,abandoned-checkout,ac-wave-4-20260711T122125Z
ebu0q0-rt.myshopify.com,fe29a551-f610-4733-a467-a7de1f18e636,abandoned-checkout,ac-wave-3-20260711T122109Z
ecgr1f-na.myshopify.com,7110738b-1c43-4701-889a-2de741a478bb,abandoned-checkout,ac-wave-4-20260711T122125Z
ed3v7t-i3.myshopify.com,afda8112-78a8-432a-b2ab-97dd69369735,abandoned-checkout,ac-wave-4-20260711T122125Z
edoreind.myshopify.com,f5b00230-5eab-4ee7-b6c3-dbc4fd79939f,abandoned-checkout,ac-wave-6-20260711T122154Z
edtssw-s0.myshopify.com,7f7f3c68-e908-41bb-bcfb-0e4d1ffdfd77,abandoned-checkout,ac-wave-5-20260711T122141Z
ee2106-02.myshopify.com,9a659888-b193-4f3c-896b-bac9b7ae5aa1,abandoned-checkout,ac-wave-1-20260711T122039Z
eeb9fc-4.myshopify.com,eefe5be1-57bf-4b62-a7ec-d35cd4f5a468,abandoned-checkout,ac-wave-5-20260711T122141Z
efrfue-yn.myshopify.com,0509cb64-9649-4aa9-8384-7ee9dc39d50f,abandoned-checkout,ac-wave-5-20260711T122141Z
ei17pj-bg.myshopify.com,d76fb33d-4611-4e2b-ba14-38d7775924aa,abandoned-checkout,ac-wave-2-20260711T122055Z
ejkekc-fx.myshopify.com,1a8ac63a-98bc-461f-95cb-e043caa95606,abandoned-checkout,ac-wave-5-20260711T122141Z
ep00j1-6c.myshopify.com,7aa80f9c-a652-4bd4-8305-dd7426b4215d,abandoned-checkout,ac-wave-2-20260711T122055Z
epg19r-2j.myshopify.com,217f522b-4e49-47c8-b0cc-5c5494e8d725,abandoned-checkout,ac-wave-5-20260711T122141Z
eqtiq0-jz.myshopify.com,f0db002a-134e-4173-8d96-50884edd2919,abandoned-checkout,ac-wave-5-20260711T122141Z
ermnindia.myshopify.com,0c11d1fd-7336-4ba3-916f-c9cbf0679ac3,abandoned-checkout,ac-wave-1-20260711T122039Z
et01ve-yb.myshopify.com,a8f1f996-ca53-4217-b2d5-5b8a983eab72,abandoned-checkout,ac-wave-3-20260711T122109Z
ezrn1j-rv.myshopify.com,803be846-9956-4124-bceb-e1810d57e09c,abandoned-checkout,ac-wave-2-20260711T122055Z
f11p33-tk.myshopify.com,cba97ac1-bacd-45a8-9e46-f914319f5cd5,abandoned-checkout,ac-wave-2-20260711T122055Z
f35jy4-ah.myshopify.com,9b49d99e-08c1-4285-8a9b-69b90c79011f,abandoned-checkout,ac-wave-1-20260711T122039Z
f46af6-7b-2.myshopify.com,f4991c84-c0e9-4ed8-b55f-a9e6358a66f6,abandoned-checkout,ac-wave-4-20260711T122125Z
f4e7c5.myshopify.com,4cbb0513-f729-40ef-a508-4453cab2b46e,abandoned-checkout,ac-wave-5-20260711T122141Z
f71bg4-t1.myshopify.com,ab2407c8-5fea-43d0-9715-452c6e11c2c2,abandoned-checkout,ac-wave-4-20260711T122125Z
f9f66c-92.myshopify.com,786aed63-b5ba-471a-abe0-8315caf307c7,abandoned-checkout,ac-wave-3-20260711T122109Z
fairycub.myshopify.com,6cb58fc9-8f03-4341-81e0-37cbc99fe8fd,abandoned-checkout,ac-wave-2-20260711T122055Z
fc6d56.myshopify.com,59fcc11e-a8f2-45b6-a58b-8886a42bd973,abandoned-checkout,ac-wave-3-20260711T122109Z
fccc65-2.myshopify.com,6988d066-18cb-404f-98b7-450bbff82f39,abandoned-checkout,ac-wave-3-20260711T122109Z
fikijk-j7.myshopify.com,c442dc3e-6cfd-4ed2-84a4-fdd2145751ee,abandoned-checkout,ac-wave-6-20260711T122154Z
firstbud.myshopify.com,ec5569f3-9f1e-4b89-8ac5-616428d395a1,abandoned-checkout,ac-wave-3-20260711T122109Z
fkzxaj-np.myshopify.com,91552806-d2ce-4278-bfa6-43db283f344e,abandoned-checkout,ac-wave-5-20260711T122141Z
fpn6uv-ui.myshopify.com,4e84acdf-500f-4568-bab9-681a06f8c638,abandoned-checkout,ac-wave-1-20260711T122039Z
frankshop-1517.myshopify.com,26e94748-7184-41e4-aa16-d04d6b5e5a0a,abandoned-checkout,ac-wave-1-20260711T122039Z
fszrdq-1r.myshopify.com,0fefd229-e141-40ae-ad01-751c2519804d,abandoned-checkout,ac-wave-5-20260711T122141Z
ft6stj-93.myshopify.com,47b1e1b9-99c8-4118-a85e-76a2aeaef007,abandoned-checkout,ac-wave-1-20260711T122039Z
furnisquare.myshopify.com,f43401b1-eb4e-4b35-90d4-cc31ea8ad01f,abandoned-checkout,ac-wave-5-20260711T122141Z
fvjys0-01.myshopify.com,38953266-2fe3-4b0e-afb6-d60788a7f73a,abandoned-checkout,ac-wave-2-20260711T122055Z
fx8w0a-7x.myshopify.com,a6c63a76-eb95-4518-a0ef-979f2d8ab739,abandoned-checkout,ac-wave-4-20260711T122125Z
fzwbbr-x9.myshopify.com,cb7b0191-322b-4fbb-8655-790e70667661,abandoned-checkout,ac-wave-1-20260711T122039Z
g1bakr-dv.myshopify.com,98c5ee64-4846-4ed2-8f81-f13ee3c2a268,abandoned-checkout,ac-wave-2-20260711T122055Z
g80uxk-kz.myshopify.com,fb4d9389-9ca9-4e11-9c6e-c411109c35e7,abandoned-checkout,ac-wave-4-20260711T122125Z
g8xy1a-pq.myshopify.com,b243a7ff-fe17-4ba7-8969-a08940a7ec7c,abandoned-checkout,ac-wave-1-20260711T122039Z
gcp-beta.myshopify.com,66c8ddf3-3e98-42bb-ad7a-499afbb80024,abandoned-checkout,ac-wave-3-20260711T122109Z
gdj1zb-w9.myshopify.com,972a0ab9-bc50-4cae-a6f7-7d886ae754e6,abandoned-checkout,ac-wave-2-20260711T122055Z
gh8bbu-8m.myshopify.com,68ba49f4-d9f2-45a5-b12f-3cc9bbafd42e,abandoned-checkout,ac-wave-4-20260711T122125Z
giftingstudio-in.myshopify.com,5c6ce90f-6cff-45a5-b059-4ce0f196bc16,abandoned-checkout,ac-wave-3-20260711T122109Z
gk0jru-qn.myshopify.com,3fcd73f2-182b-41f3-93f5-b99c3b538deb,abandoned-checkout,ac-wave-5-20260711T122141Z
gk68r9-ag.myshopify.com,e7d4545f-18c3-4a5c-9040-bc9c28fc1397,abandoned-checkout,ac-wave-5-20260711T122141Z
glossiafashion.myshopify.com,f80610ff-2268-4fba-911f-27bc21a3b01e,abandoned-checkout,ac-wave-1-20260711T122039Z
gqf23w-1v.myshopify.com,574bbaa5-1f3e-43b5-8dfe-09216352a8dc,abandoned-checkout,ac-wave-4-20260711T122125Z
grand-pit-stop.myshopify.com,8f41cc43-16b7-46fe-afda-59afd4566d02,abandoned-checkout,ac-wave-3-20260711T122109Z
grtabi-ds.myshopify.com,c622a08e-49b9-4a7c-a801-7558b9b4568a,abandoned-checkout,ac-wave-2-20260711T122055Z
gwr7wt-vu.myshopify.com,f0499dad-2109-4a69-97ea-5a2aab136bff,abandoned-checkout,ac-wave-2-20260711T122055Z
gymxshop1.myshopify.com,6034e06e-d08a-4260-9613-7c5d6ce29b94,abandoned-checkout,ac-wave-2-20260711T122055Z
gzhbjm-hs.myshopify.com,ffe65cc7-0fb5-48ef-b2f5-a6379b0347c7,abandoned-checkout,ac-wave-4-20260711T122125Z
h2t3t1-81.myshopify.com,ff42c475-a4c5-47df-818f-43eab4929122,abandoned-checkout,ac-wave-1-20260711T122039Z
ha3uvz-fu.myshopify.com,424ef554-15f8-48f7-8b2f-504c0a6b7226,abandoned-checkout,ac-wave-6-20260711T122154Z
haps-ecom-store.myshopify.com,99e9886b-e004-469b-ae86-373cfe242e7e,abandoned-checkout,ac-wave-4-20260711T122125Z
hbmhej-kq.myshopify.com,ab8ea4bc-1822-4d63-831a-2d0543971ee6,abandoned-checkout,ac-wave-4-20260711T122125Z
hcuenu-jd.myshopify.com,1501774f-22c5-4a80-a486-b9d1c406f310,abandoned-checkout,ac-wave-3-20260711T122109Z
hdq204-im.myshopify.com,409b2a56-76af-42ed-8fa0-1beb793c2abf,abandoned-checkout,ac-wave-2-20260711T122055Z
hh61xs-1s.myshopify.com,a163f025-3f21-4ff0-bbf3-3b91a7cadef8,abandoned-checkout,ac-wave-3-20260711T122109Z
hnv11j-1n.myshopify.com,0170cd79-1f5a-46a0-a385-05c06aa70639,abandoned-checkout,ac-wave-3-20260711T122109Z
htd091-es.myshopify.com,5d87142c-5005-4f5c-85c4-20727949b06d,abandoned-checkout,ac-wave-1-20260711T122039Z
hycchx-bc.myshopify.com,33066f96-601f-4ed4-a88b-f12cf93df9b9,abandoned-checkout,ac-wave-4-20260711T122125Z
hypothesis-test-store.myshopify.com,8b33bdb7-312c-4d92-92cb-9b2ffbed0042,abandoned-checkout,ac-wave-4-20260711T122125Z
i1cpga-bm.myshopify.com,db65b973-debd-4fd8-954d-4e30030c7f8e,abandoned-checkout,ac-wave-3-20260711T122109Z
i4zese-5h.myshopify.com,02d94e0e-ba73-483e-9705-7c05c071bba3,abandoned-checkout,ac-wave-5-20260711T122141Z
i6fu47-6y.myshopify.com,16fb90f0-0c07-4dbf-9ce4-b55965bc3b0f,abandoned-checkout,ac-wave-5-20260711T122141Z
ihv7zv-9n.myshopify.com,946fef67-2e0a-4cec-89fb-b9dd9c7d84e6,abandoned-checkout,ac-wave-5-20260711T122141Z
ijc13j-i1.myshopify.com,b666621b-7c14-4cd6-9c77-108b8a5a7dad,abandoned-checkout,ac-wave-4-20260711T122125Z
indiawholesaleshop.myshopify.com,4bf5073b-2ee5-43d7-8b4e-8557b0d09139,abandoned-checkout,ac-wave-5-20260711T122141Z
it1jru-e3.myshopify.com,39351250-84e7-402c-b0b1-9e69f26e5098,abandoned-checkout,ac-wave-3-20260711T122109Z
itwxgt-eu.myshopify.com,8d4889ac-b192-4eed-a5eb-fc4e0b35876b,abandoned-checkout,ac-wave-5-20260711T122141Z
ix0j46-ma.myshopify.com,bbc8f5e4-384d-4ada-bce0-d8e3836beda7,abandoned-checkout,ac-wave-6-20260711T122154Z
ixqge3-ky.myshopify.com,36545c7c-5319-425c-a9d4-5ff15f37ef63,abandoned-checkout,ac-wave-5-20260711T122141Z
ixs6f1-h8.myshopify.com,af4e8d40-33c7-4e24-b1a8-76de62bb704b,abandoned-checkout,ac-wave-4-20260711T122125Z
j17rnp-jh.myshopify.com,c9ae87b9-749b-4c93-9399-7d653700846e,abandoned-checkout,ac-wave-1-20260711T122039Z
j2hkfz-cn.myshopify.com,e657c8c7-ee4c-4260-9253-f452ed74aa24,abandoned-checkout,ac-wave-5-20260711T122141Z
j7dfzg-nt.myshopify.com,1cae3673-9bc9-466e-8855-d5c68169b615,abandoned-checkout,ac-wave-1-20260711T122039Z
j7jyvr-ih.myshopify.com,d27d4a3f-7b0a-479e-b7a7-d1112e57dee1,abandoned-checkout,ac-wave-4-20260711T122125Z
jaipuri-dhaaga.myshopify.com,d75b9c19-96a8-48d3-bb11-9dc1e447f0b2,abandoned-checkout,ac-wave-3-20260711T122109Z
jashnbazaar.myshopify.com,0c9664b2-cd7c-4962-bb17-875b202072b7,abandoned-checkout,ac-wave-1-20260711T122039Z
jc624x-bm.myshopify.com,749b57ee-00e7-46df-9087-fdfc624ac4f9,abandoned-checkout,ac-wave-1-20260711T122039Z
jftaht-ud.myshopify.com,ca67dc14-9553-4937-96f1-dce4ef304166,abandoned-checkout,ac-wave-2-20260711T122055Z
jjbnj4-cc.myshopify.com,de2dcad5-d32e-458e-8d39-baebac991aec,abandoned-checkout,ac-wave-4-20260711T122125Z
jqnj1m-0t.myshopify.com,421e1686-e5a0-40ee-a28d-ad478984941e,abandoned-checkout,ac-wave-5-20260711T122141Z
jqxazi-4v.myshopify.com,c26e52ba-f498-403b-9cc4-84ece28f05b9,abandoned-checkout,ac-wave-2-20260711T122055Z
jva4pf-pz.myshopify.com,067ffff7-0d1a-42cd-84f8-5fe1d2c2f5a8,abandoned-checkout,ac-wave-4-20260711T122125Z
jyizhu-mw.myshopify.com,8ace6d3a-d0b7-4128-b9e4-ca2589426945,abandoned-checkout,ac-wave-4-20260711T122125Z
jzi4jn-y3.myshopify.com,45b9f9d2-ac57-4a8d-afd7-9ebff9806480,abandoned-checkout,ac-wave-1-20260711T122039Z
k0cddp-n5.myshopify.com,e5a4bfbc-4e84-465f-af87-81ed4522ce05,abandoned-checkout,ac-wave-3-20260711T122109Z
k0e1a0-4s.myshopify.com,3ba4fc2a-957f-4dcf-bd1d-908fbe93818b,abandoned-checkout,ac-wave-5-20260711T122141Z
k4jxdu-wq.myshopify.com,283ade2e-e2d7-4094-a426-33ad6d97bbc6,abandoned-checkout,ac-wave-1-20260711T122039Z
k585vc-aw.myshopify.com,68807f3c-bbdc-4ae2-add6-e66e5d601bcf,abandoned-checkout,ac-wave-6-20260711T122154Z
kanha-kothi.myshopify.com,c60b4bd5-9022-44e7-be09-80ac7a5e8241,abandoned-checkout,ac-wave-1-20260711T122039Z
kartariafoods.myshopify.com,a5965eb5-9d0a-47e3-9a5f-7a985a3377f0,abandoned-checkout,ac-wave-6-20260711T122154Z
kbs9jh-f2.myshopify.com,53c065fb-1c3d-448b-890c-74f5a1762e73,abandoned-checkout,ac-wave-5-20260711T122141Z
kcy1jc-qy.myshopify.com,03af02e1-74c6-4648-909d-73e1c5a45595,abandoned-checkout,ac-wave-4-20260711T122125Z
keejy3-bc.myshopify.com,a6b05b6f-1bb2-4e7e-b606-20cfb01fe2cd,abandoned-checkout,ac-wave-2-20260711T122055Z
keptjz-if.myshopify.com,718cb866-d94a-47e8-9a2c-263fd836c31b,abandoned-checkout,ac-wave-2-20260711T122055Z
keuvzb-pi.myshopify.com,3f2e2a2a-d670-4021-ba97-09bc56f89c52,abandoned-checkout,ac-wave-1-20260711T122039Z
kfkp1e-9y.myshopify.com,eac21ccf-f1ab-4d54-9c19-ebf555092034,abandoned-checkout,ac-wave-5-20260711T122141Z
khadisadan.myshopify.com,b81f31ed-7789-4465-8a96-fd69a7441b1c,abandoned-checkout,ac-wave-3-20260711T122109Z
killerjeansstore.myshopify.com,d7c4a732-3d85-475f-a04e-64abb7a07232,abandoned-checkout,ac-wave-3-20260711T122109Z
kiwibh-9c.myshopify.com,c7b72102-08a7-4838-ac72-65d97200529a,abandoned-checkout,ac-wave-2-20260711T122055Z
kjg1nf-fn.myshopify.com,4ae118b3-d606-42c2-99f7-97789b2c1f42,abandoned-checkout,ac-wave-1-20260711T122039Z
kjiww0-cn.myshopify.com,19e338d9-c189-42ff-9ede-d0f4eaaf971e,abandoned-checkout,ac-wave-4-20260711T122125Z
kmwazx-gr.myshopify.com,b60f8223-d330-4e66-a104-5cef5fd6d59a,abandoned-checkout,ac-wave-2-20260711T122055Z
knmdab-z1.myshopify.com,f5c3aa77-7567-46c3-bcb4-5bb0c77214a2,abandoned-checkout,ac-wave-3-20260711T122109Z
knz1z3-uj.myshopify.com,8d00f186-9df1-4009-a957-a93597c89dbe,abandoned-checkout,ac-wave-6-20260711T122154Z
kozeecub.myshopify.com,d71a1bcc-c258-466a-8de3-8c4f5a5bb4f4,abandoned-checkout,ac-wave-2-20260711T122055Z
kyrug0-cx.myshopify.com,a3d0f4bc-4e89-4cd7-886a-c60c415cf346,abandoned-checkout,ac-wave-5-20260711T122141Z
leather-chappal-6633.myshopify.com,f5bde2a1-6bb3-4f77-9618-3476d545dd24,abandoned-checkout,ac-wave-5-20260711T122141Z
livingearthfarmland.myshopify.com,d6e8b969-df3c-4057-b22d-35ea5a05d0d8,abandoned-checkout,ac-wave-1-20260711T122039Z
lumos-store01.myshopify.com,6a7beb8e-9e3e-4fc3-aa59-fe9808771546,abandoned-checkout,ac-wave-4-20260711T122125Z
m6fw41-0a.myshopify.com,b2c33151-8330-4842-805e-829af715b881,abandoned-checkout,ac-wave-3-20260711T122109Z
m8g51y-0d.myshopify.com,b7b6fc6d-d9fd-4344-9193-582b3c1f4617,abandoned-checkout,ac-wave-1-20260711T122039Z
mahaved.myshopify.com,fba6d8a1-b312-4d54-83bd-01966dea4e7a,abandoned-checkout,ac-wave-3-20260711T122109Z
matsyaveda-herbals.myshopify.com,d45b996e-6e76-47dc-9985-e5f4186fcaa5,abandoned-checkout,ac-wave-4-20260711T122125Z
met1xh-2t.myshopify.com,ac5825de-6bde-4089-951f-6280f3087b56,abandoned-checkout,ac-wave-2-20260711T122055Z
mihbsj-e8.myshopify.com,27ccdf30-6d61-4479-9d95-1cd82a4cd4e1,abandoned-checkout,ac-wave-5-20260711T122141Z
moondust-supply.myshopify.com,776556d0-4018-4666-a74c-86ad0c3725a6,abandoned-checkout,ac-wave-1-20260711T122039Z
mqhs7u-s9.myshopify.com,54f6f6c9-307a-41ce-bcec-673fb0380ee3,abandoned-checkout,ac-wave-4-20260711T122125Z
mqq1dk-wv.myshopify.com,8f653b74-ea5d-4258-bb26-33c568659487,abandoned-checkout,ac-wave-5-20260711T122141Z
mqss5k-pa.myshopify.com,c7d5368b-2a55-4674-a94d-1e0a74514a11,abandoned-checkout,ac-wave-1-20260711T122039Z
mxa5bc-a3.myshopify.com,5dbe0828-6a22-4709-a1ad-87852f6df54a,abandoned-checkout,ac-wave-5-20260711T122141Z
mxwpwc-jb.myshopify.com,e5753842-989c-443e-a170-75ccd9374d6a,abandoned-checkout,ac-wave-3-20260711T122109Z
myauindia.myshopify.com,3bc159fb-1eb0-40fd-8b15-11133c5edf54,abandoned-checkout,ac-wave-5-20260711T122141Z
my-mushroom-world.myshopify.com,a07e4ce3-0c08-4c3a-9a81-026ade6a11cf,abandoned-checkout,ac-wave-4-20260711T122125Z
mz1i2r-zq.myshopify.com,6818a84e-9334-4978-954a-57f8055563f7,abandoned-checkout,ac-wave-3-20260711T122109Z
n5zizs-um.myshopify.com,5ac347be-d6bb-47d8-9cdf-d0b7dfdd2db9,abandoned-checkout,ac-wave-3-20260711T122109Z
nativeforever.myshopify.com,787e5430-154b-4b1c-a223-46d1595fd4a3,abandoned-checkout,ac-wave-3-20260711T122109Z
natuure-in.myshopify.com,067fcb58-404d-4e27-8099-c025504e7a52,abandoned-checkout,ac-wave-6-20260711T122154Z
nayore1.myshopify.com,d384a7ac-e485-49ea-82ca-6e68590405d0,abandoned-checkout,ac-wave-4-20260711T122125Z
nc0vgm-5f.myshopify.com,9a1daa28-aaed-4905-a949-6e89d64fa98c,abandoned-checkout,ac-wave-1-20260711T122039Z
nczp0f-hv.myshopify.com,2309b862-e527-4117-a222-2e029a8806a1,abandoned-checkout,ac-wave-5-20260711T122141Z
needy-bucket.myshopify.com,301570c5-d5e0-4923-8df1-d35b7a3a639d,abandoned-checkout,ac-wave-6-20260711T122154Z
neerajfashions.myshopify.com,54bdda80-b727-4ea3-b85b-3ff2047e642d,abandoned-checkout,ac-wave-3-20260711T122109Z
nextgenstore-8448.myshopify.com,0170b4be-f1af-4976-bb51-e72603f94503,abandoned-checkout,ac-wave-5-20260711T122141Z
nfkpmh-bg.myshopify.com,d7e479b7-100a-4785-a215-8de9cf240cbf,abandoned-checkout,ac-wave-6-20260711T122154Z
nfw0sn-dn.myshopify.com,aedc0608-60ee-4051-a17a-6a2580483434,abandoned-checkout,ac-wave-4-20260711T122125Z
nmdjvi-69.myshopify.com,e98a97fb-1e7a-474b-bd5d-f3152f73dea5,abandoned-checkout,ac-wave-4-20260711T122125Z
nmrbuy-vm.myshopify.com,485fe511-8f86-4df7-a896-4b10d555920d,abandoned-checkout,ac-wave-3-20260711T122109Z
nnjyk7-uy.myshopify.com,b74ec3f9-ad0d-4db4-8f97-08adacf4dd38,abandoned-checkout,ac-wave-1-20260711T122039Z
npxfbe-t0.myshopify.com,b5a9a50e-013c-48fb-8eb8-16d84b2d37bf,abandoned-checkout,ac-wave-2-20260711T122055Z
npymuz-jk.myshopify.com,5382e91b-939e-4841-8656-bf9d3ef02b37,abandoned-checkout,ac-wave-3-20260711T122109Z
nrk857-dz.myshopify.com,ce36a28a-46aa-4428-8aa3-e8aa7e5ca148,abandoned-checkout,ac-wave-3-20260711T122109Z
nrtxp1-nz.myshopify.com,4e1b6573-ff77-4322-bf3f-db6db3457020,abandoned-checkout,ac-wave-5-20260711T122141Z
nsx3kw-hk.myshopify.com,00724622-6e26-4103-96f6-017db4b343a6,abandoned-checkout,ac-wave-2-20260711T122055Z
nv2825.myshopify.com,c3d2aff7-f4fa-4fab-bdd7-c07b145b50ea,abandoned-checkout,ac-wave-2-20260711T122055Z
nwhx60-1q.myshopify.com,5b466ca3-d71f-429b-b752-0ade4865b231,abandoned-checkout,ac-wave-2-20260711T122055Z
nxtkcm-vr.myshopify.com,19347eea-2338-468f-9901-f2b9c309f7b5,abandoned-checkout,ac-wave-2-20260711T122055Z
p08dig-hg.myshopify.com,462d3aa9-8f55-40ed-a0e2-fbd129c458c3,abandoned-checkout,ac-wave-5-20260711T122141Z
pardewale.myshopify.com,58489466-c386-40a5-9198-82079435b255,abandoned-checkout,ac-wave-6-20260711T122154Z
pc0n9k-as.myshopify.com,d5d1cfa0-94e0-43e5-9745-33c6caf08c62,abandoned-checkout,ac-wave-2-20260711T122055Z
pgwmb3-0s.myshopify.com,69f3bfd7-df56-4031-8b74-a670b45b20b2,abandoned-checkout,ac-wave-5-20260711T122141Z
pmatab-nj.myshopify.com,ee1bc25a-d28b-47bf-8148-d9ec7755b3a0,abandoned-checkout,ac-wave-5-20260711T122141Z
pmvatt-hc.myshopify.com,272bdbe7-c61b-4e98-a5b3-406fb231dbeb,abandoned-checkout,ac-wave-3-20260711T122109Z
pretty-parsi-cook.myshopify.com,3382d285-b49b-438a-8681-18c72a0e638f,abandoned-checkout,ac-wave-1-20260711T122039Z
prnt1c-0t.myshopify.com,a2361da0-47a9-413e-aa7f-d9ab1109557b,abandoned-checkout,ac-wave-1-20260711T122039Z
prod-testing-store1.myshopify.com,ccb9923f-7d9d-4f8c-87c0-20cf1ab2c430,abandoned-checkout,ac-wave-3-20260711T122109Z
proecolife.myshopify.com,0ed4eac5-c2b1-45fb-94ee-fbd8857e1aee,abandoned-checkout,ac-wave-5-20260711T122141Z
proudstag-com.myshopify.com,0332f607-c83f-48d1-bf88-6372cba0a2ae,abandoned-checkout,ac-wave-2-20260711T122055Z
pw70ye-k0.myshopify.com,ea3a759b-8202-4aa5-9839-0290ccab1f95,abandoned-checkout,ac-wave-3-20260711T122109Z
q12xkh-3x.myshopify.com,2be78d2f-c9ea-4c89-9f5b-892ef55fd3be,abandoned-checkout,ac-wave-1-20260711T122039Z
qdx22v-mk.myshopify.com,f99afb64-d3dc-4821-8943-c7748a48164e,abandoned-checkout,ac-wave-2-20260711T122055Z
qgntst-ez.myshopify.com,d3bed8dc-3a53-4827-b339-62b72d809e7c,abandoned-checkout,ac-wave-1-20260711T122039Z
qhbapj-kc.myshopify.com,8667ad7c-f59c-4b9c-8c17-ee8708a3e1b3,abandoned-checkout,ac-wave-2-20260711T122055Z
qhitqa-ux.myshopify.com,1fa36cde-c78b-4a10-8b2b-afd087c18caa,abandoned-checkout,ac-wave-2-20260711T122055Z
qkqpgm-af.myshopify.com,3bd921e1-ee83-4fdc-bf2f-c77c6a0d5473,abandoned-checkout,ac-wave-1-20260711T122039Z
qqfipn-ts.myshopify.com,67e0f347-569c-4c83-b6e6-da4e4e464dc3,abandoned-checkout,ac-wave-3-20260711T122109Z
qqkqsa-je.myshopify.com,bbc46788-b4ff-426c-9851-76d6032161b2,abandoned-checkout,ac-wave-4-20260711T122125Z
qtncqg-ws.myshopify.com,b18c1337-e06c-4dc9-bdcb-af44ecf64c36,abandoned-checkout,ac-wave-5-20260711T122141Z
qua9gq-by.myshopify.com,553704d9-b9e0-4dc6-9578-b1b07ead1175,abandoned-checkout,ac-wave-2-20260711T122055Z
qxbtta-nu.myshopify.com,d57c02e6-f730-407d-8b67-b96cd077bfca,abandoned-checkout,ac-wave-4-20260711T122125Z
qzrqkc-tv.myshopify.com,ccf29b5a-9dfb-4bde-87c8-2211bac8adf0,abandoned-checkout,ac-wave-1-20260711T122039Z
r2npur-zu.myshopify.com,cd658f3c-8344-47a0-8e21-70502400489c,abandoned-checkout,ac-wave-3-20260711T122109Z
r38kyq-hn.myshopify.com,d567cd42-90b5-42ab-a9db-e8e230498712,abandoned-checkout,ac-wave-1-20260711T122039Z
r80m7m-i4.myshopify.com,ef53d9d5-c7cc-496a-8be0-9826b6956b20,abandoned-checkout,ac-wave-4-20260711T122125Z
r82tdp-ix.myshopify.com,31566b7b-1516-469e-b796-e7795c8083f5,abandoned-checkout,ac-wave-2-20260711T122055Z
rajarshi-beta-store.myshopify.com,581d21b7-0631-4f3e-9a86-d9248cdb8827,abandoned-checkout,ac-canary-20260711T121940Z
raxmon-com.myshopify.com,4f3263e3-6c48-4798-9277-4b5e9a94d407,abandoned-checkout,ac-wave-2-20260711T122055Z
rbautk-rb.myshopify.com,50009d7c-4b6a-49e9-8e8e-30f70d025756,abandoned-checkout,ac-wave-2-20260711T122055Z
rbpjff-nt.myshopify.com,47615276-f89f-4eaf-bbdf-9c21d5579ab7,abandoned-checkout,ac-wave-4-20260711T122125Z
rfxnh0-pe.myshopify.com,b072126f-ee23-49b0-b554-abab9da34826,abandoned-checkout,ac-wave-5-20260711T122141Z
rmnq02-mu.myshopify.com,9186eacf-7f16-4f53-af75-c4df594213ee,abandoned-checkout,ac-wave-5-20260711T122141Z
rpxjdh-1f.myshopify.com,c63ecc05-9c26-4aa7-ad9b-c75cb9d3c8f0,abandoned-checkout,ac-wave-4-20260711T122125Z
rsumi3-cw.myshopify.com,f0366e2c-652b-435b-8059-8a2a089b944c,abandoned-checkout,ac-wave-1-20260711T122039Z
rudrm.myshopify.com,2e7353e1-0794-4484-9621-72e4fb2ffc33,abandoned-checkout,ac-wave-6-20260711T122154Z
rus8ui-1c.myshopify.com,f1f9a605-c769-40cf-9907-1215b4fd2a41,abandoned-checkout,ac-wave-4-20260711T122125Z
rvx90c-9a.myshopify.com,cfbad1e7-ec46-4db8-882d-00201e1ab866,abandoned-checkout,ac-wave-5-20260711T122141Z
rx10fh-bm.myshopify.com,6b499c7f-86ec-4b10-bb8a-0fe4fb14992b,abandoned-checkout,ac-wave-1-20260711T122039Z
rxirbx-q2.myshopify.com,7d292727-ee46-4e99-b3c2-2ce78989a23b,abandoned-checkout,ac-wave-3-20260711T122109Z
ryqyyx-2t.myshopify.com,2f97a78a-72c5-4b88-88cc-c633e761201e,abandoned-checkout,ac-wave-4-20260711T122125Z
rz3xkh-jb.myshopify.com,1d254adc-60f5-43d1-ac8e-691afc8b2f3f,abandoned-checkout,ac-wave-2-20260711T122055Z
s1jzxb-f1.myshopify.com,044f44ab-47ee-4439-978a-93bcbf39bbc2,abandoned-checkout,ac-wave-4-20260711T122125Z
s8ibvx-xj.myshopify.com,d97bb73d-c2e2-475d-9f08-c512b54b8619,abandoned-checkout,ac-wave-5-20260711T122141Z
sayhjr-vg.myshopify.com,0e8dd344-eb09-4db8-aaa7-e591c8a5d62d,abandoned-checkout,ac-wave-6-20260711T122154Z
sazeracstore.myshopify.com,427758ac-e5c1-4c16-acc8-4d5e9b1931df,abandoned-checkout,ac-wave-3-20260711T122109Z
scxngj-sn.myshopify.com,8e7d1a3f-73db-4644-a236-23add7235071,abandoned-checkout,ac-wave-2-20260711T122055Z
sd8bqu-6d.myshopify.com,86b2f330-b74c-424b-b4f0-8e2d48822f20,abandoned-checkout,ac-wave-2-20260711T122055Z
sfb0dk-cj.myshopify.com,d12804ee-7e28-48d8-8616-4d2c67d7a440,abandoned-checkout,ac-wave-2-20260711T122055Z
shirttheoryindia.myshopify.com,5857d368-a8d2-4703-9e4c-2fc5d78cd00f,abandoned-checkout,ac-wave-1-20260711T122039Z
shop4marq.myshopify.com,323c3dca-8df5-4703-82d9-8fb79fdae02d,abandoned-checkout,ac-wave-1-20260711T122039Z
shoponcliq.myshopify.com,3a37f0f1-d4cb-4305-9104-c75ab357966a,abandoned-checkout,ac-wave-5-20260711T122141Z
shopwithus-co-in.myshopify.com,57dc57f1-8f44-4299-923e-1ae32d98585e,abandoned-checkout,ac-wave-2-20260711T122055Z
showkrey.myshopify.com,43e55e72-1945-4ccd-9ff7-2b52075bfab9,abandoned-checkout,ac-wave-3-20260711T122109Z
shri-watches-2.myshopify.com,fb4ab361-55bb-43a9-ac55-70224637f4c6,abandoned-checkout,ac-wave-4-20260711T122125Z
silkmart-sarees.myshopify.com,164a0586-ddf6-4168-8c83-bb08ecc1be87,abandoned-checkout,ac-wave-2-20260711T122055Z
skdxij-5z.myshopify.com,b42e4943-38cb-46ea-b93f-e3d2d28df5d1,abandoned-checkout,ac-wave-6-20260711T122154Z
skmbdf-c1.myshopify.com,bea16fe7-438f-4f79-b827-9be7975cc6d0,abandoned-checkout,ac-wave-5-20260711T122141Z
skybags-webstore.myshopify.com,96e0a038-2fe5-409f-b61e-e631afb5cac9,abandoned-checkout,ac-wave-3-20260711T122109Z
smzqi7-6v.myshopify.com,ae92715a-39ad-4996-b3f7-42acac132eb2,abandoned-checkout,ac-wave-3-20260711T122109Z
solar-for-nature.myshopify.com,054efd9b-539a-44b8-906a-cb45f4961821,abandoned-checkout,ac-wave-2-20260711T122055Z
spmky5-t6.myshopify.com,44204516-d854-4a86-a3b1-425d36aeeaca,abandoned-checkout,ac-wave-4-20260711T122125Z
squaloaudio.myshopify.com,cd0ce410-a2ca-4e65-bb54-8dd5d66eae27,abandoned-checkout,ac-wave-2-20260711T122055Z
sqvckg-33.myshopify.com,a905787f-3ffc-4aa3-b18c-6c938617248b,abandoned-checkout,ac-wave-1-20260711T122039Z
stonesoup-shop.myshopify.com,11641924-6ebb-4723-9e0f-4ed236b4be98,abandoned-checkout,ac-wave-1-20260711T122039Z
sumadhura-official.myshopify.com,47fe3b7c-4a6f-4293-b7b6-56a7d6f80c7e,abandoned-checkout,ac-wave-6-20260711T122154Z
supervek.myshopify.com,2f33c9f3-399a-4687-87d7-f654f4f01d8f,abandoned-checkout,ac-wave-3-20260711T122109Z
sutqbc-bs.myshopify.com,7493c097-0f41-4855-8d5b-873d6010d6ee,abandoned-checkout,ac-wave-2-20260711T122055Z
swadesi-stuff.myshopify.com,aa11b3e5-1399-4552-a91e-3f422d67f7fa,abandoned-checkout,ac-wave-4-20260711T122125Z
swaroop-juspay.myshopify.com,4023e88e-fcef-4a74-b420-a96ef049b853,abandoned-checkout,ac-wave-3-20260711T122109Z
szbyp3-wv.myshopify.com,a9d4198c-9af8-4d7d-8abc-ec907307b89f,abandoned-checkout,ac-wave-1-20260711T122039Z
t0sgcc-pw.myshopify.com,c42d68ea-0835-4a24-8062-dff7bb8a81e3,abandoned-checkout,ac-wave-3-20260711T122109Z
tacjqf-c0.myshopify.com,2dea5164-b643-4457-b0ed-d022b659cdad,abandoned-checkout,ac-wave-4-20260711T122125Z
tangyoak.myshopify.com,b68fb6b7-0d50-41a1-9718-d0a0bb0fe067,abandoned-checkout,ac-wave-2-20260711T122055Z
tejus-skincare.myshopify.com,76e50f5d-987b-4503-a4e5-78d18296da0e,abandoned-checkout,ac-wave-4-20260711T122125Z
test-buddy-papdeunt.myshopify.com,59b75ce1-93a3-4913-a379-1c7d53e190e7,abandoned-checkout,ac-wave-4-20260711T122125Z
test-development12.myshopify.com,c23ca2b0-e737-43ec-9526-064a3c35c2d6,abandoned-checkout,ac-wave-2-20260711T122055Z
testing-breeze-buddy-store.myshopify.com,68e2531d-50c0-4a72-829e-270f3f8f3d27,abandoned-checkout,ac-wave-4-20260711T122125Z
testing-buddy-store.myshopify.com,836458b4-5966-4910-b2ef-2ba93ff3abb4,abandoned-checkout,ac-wave-4-20260711T122125Z
test-store-1100000000000000000000000000000003542.myshopify.com,a677e14b-9e29-4b2b-bd7e-2592ed13ceb6,abandoned-checkout,ac-wave-1-20260711T122039Z
thefablesstore.myshopify.com,384f7114-a6d8-4d52-aca7-b32b5bba5dcb,abandoned-checkout,ac-wave-1-20260711T122039Z
thegfi-uh.myshopify.com,b796b379-ddb7-4f0a-950f-4582401196d8,abandoned-checkout,ac-wave-5-20260711T122141Z
the-laser-art.myshopify.com,84b64f61-0901-40bf-abd5-7c3142054dae,abandoned-checkout,ac-wave-4-20260711T122125Z
the-new-perfume-store.myshopify.com,ce790162-1780-49b7-b01d-60daf6fe6e00,abandoned-checkout,ac-wave-1-20260711T122039Z
thygu0-bp.myshopify.com,ac4f1806-3190-4a73-bcde-188b139e207a,abandoned-checkout,ac-wave-6-20260711T122154Z
tir31n-hf.myshopify.com,01654ffb-b044-4ea0-9a95-8cb4ea9674ce,abandoned-checkout,ac-wave-1-20260711T122039Z
tkbqcy-az.myshopify.com,0fe3e7f6-d7fa-4d9f-b7d0-f4d88252fec3,abandoned-checkout,ac-wave-2-20260711T122055Z
tkzbgz-fm.myshopify.com,7a0869f9-5e80-47d9-a8cc-425b520fb5fa,abandoned-checkout,ac-wave-4-20260711T122125Z
trilonium.myshopify.com,fec5e709-7ded-4994-a239-594e113aaf39,abandoned-checkout,ac-wave-5-20260711T122141Z
tsky6e-ih.myshopify.com,47986b3d-0148-4e3f-afe2-babe1bf6168b,abandoned-checkout,ac-wave-3-20260711T122109Z
tt6df8-00.myshopify.com,6e75d9fa-4697-4435-9b48-db3f42731733,abandoned-checkout,ac-wave-6-20260711T122154Z
txw47s-ne.myshopify.com,1dca287f-f654-4c65-a89d-a44d47e9cf7b,abandoned-checkout,ac-wave-2-20260711T122055Z
udy1p1-3w.myshopify.com,0424435c-dcf3-48cc-97a9-1405a66424ba,abandoned-checkout,ac-wave-5-20260711T122141Z
ue7chi-f9.myshopify.com,42d208e5-3a5f-425f-89c5-2be87390264f,abandoned-checkout,ac-wave-2-20260711T122055Z
ugxnfw-u9.myshopify.com,ab5309d9-ebdb-46b6-becc-50270612381c,abandoned-checkout,ac-wave-3-20260711T122109Z
umecg1-u7.myshopify.com,952f8cf9-c1de-4783-b402-de9a47bffd7e,abandoned-checkout,ac-wave-4-20260711T122125Z
unikaar.myshopify.com,705194a0-4f73-4feb-835f-4843f8699270,abandoned-checkout,ac-wave-3-20260711T122109Z
uq91zh-ys.myshopify.com,b83ab623-1838-49eb-91e5-a0304d8374a2,abandoned-checkout,ac-wave-2-20260711T122055Z
utkarsh-prod-store.myshopify.com,b910b8f8-d8bb-432c-8b0b-5fbb09403100,abandoned-checkout,ac-wave-4-20260711T122125Z
uu801f-tf.myshopify.com,cc876bf6-4caf-4159-8b8a-a1d15849f097,abandoned-checkout,ac-wave-2-20260711T122055Z
uybj0g-ad.myshopify.com,0cc8b04e-df1f-4537-936e-99b1cb46aa3d,abandoned-checkout,ac-wave-3-20260711T122109Z
v1xhww-8b.myshopify.com,ebf62b4d-d87d-40ec-9d24-54f527dcd5d0,abandoned-checkout,ac-wave-1-20260711T122039Z
v4fw6d-b0.myshopify.com,351464db-456a-4bfb-9830-5bb5c22cf94f,abandoned-checkout,ac-wave-5-20260711T122141Z
vastrasin.myshopify.com,05a38195-b231-4ff9-a4d7-1cd8dd80e5da,abandoned-checkout,ac-wave-1-20260711T122039Z
vc7sq1-y0.myshopify.com,e0f8e0bf-7dd5-48dc-9ba9-9735648b3e2f,abandoned-checkout,ac-wave-4-20260711T122125Z
ve08bg-5r.myshopify.com,6242bba9-a979-4649-87be-1cc5ed1bead5,abandoned-checkout,ac-wave-5-20260711T122141Z
velomora-com.myshopify.com,c89ff3ce-126f-4a2e-860f-3828e0a257c8,abandoned-checkout,ac-wave-2-20260711T122055Z
velorinparisstore.myshopify.com,135fd140-b49a-4fa1-8a94-44aa271f24f0,abandoned-checkout,ac-wave-1-20260711T122039Z
vfgznj-0j.myshopify.com,74521410-b09a-4ade-8d95-9e82abb362fb,abandoned-checkout,ac-wave-3-20260711T122109Z
vgxsps-v0.myshopify.com,35181c28-1987-40bf-a324-542794daa2f7,abandoned-checkout,ac-wave-4-20260711T122125Z
vhdhdj-jq.myshopify.com,95092163-fb31-4002-9860-e6ddf473fc5b,abandoned-checkout,ac-wave-3-20260711T122109Z
vida-herbals.myshopify.com,fcc8eb38-c2ba-4617-9add-f961a6b5448b,abandoned-checkout,ac-wave-5-20260711T122141Z
vip-bags-india.myshopify.com,d688c02d-4960-44d6-b677-82ecd44319e9,abandoned-checkout,ac-wave-3-20260711T122109Z
vip-lhb2021.myshopify.com,4b1c25ea-be9a-4131-b77f-2d58d6d075fb,abandoned-checkout,ac-wave-3-20260711T122109Z
vjugwh-cu.myshopify.com,24d2eccd-fbd2-47f1-9fdb-96eca04540fd,abandoned-checkout,ac-wave-1-20260711T122039Z
vmi900-e2.myshopify.com,a3181580-4742-4aa6-a77f-5bcce3d84220,abandoned-checkout,ac-wave-2-20260711T122055Z
vnkrfn-s1.myshopify.com,b62b144e-4554-4004-92b2-dba4b7fb81c8,abandoned-checkout,ac-wave-6-20260711T122154Z
vpp013-fc.myshopify.com,51e6604c-fc78-40a5-b265-092e86fe7bc3,abandoned-checkout,ac-wave-4-20260711T122125Z
vzswdm-wd.myshopify.com,61a39337-e8c8-4117-814b-12de3c1f0474,abandoned-checkout,ac-wave-5-20260711T122141Z
walawalidev.myshopify.com,c12df5de-6000-4ede-b200-5ec79283929c,abandoned-checkout,ac-wave-4-20260711T122125Z
wbpgq1-91.myshopify.com,b1731331-bf6b-40ca-8fe1-171b7e58f1ba,abandoned-checkout,ac-wave-2-20260711T122055Z
wearwearo.myshopify.com,e9f4890d-7a46-4295-bd5a-aa3f0a9bead7,abandoned-checkout,ac-wave-2-20260711T122055Z
wfyeb0-e0.myshopify.com,eedf6f4b-1acb-4db5-b329-76eefd9c5e72,abandoned-checkout,ac-wave-2-20260711T122055Z
wpc0wc-ye.myshopify.com,6a7a2229-76bf-4fc3-a740-83da28dc5d93,abandoned-checkout,ac-wave-4-20260711T122125Z
wph1aq-d0.myshopify.com,ade31f3f-c827-4124-bc56-26b170b736ac,abandoned-checkout,ac-wave-2-20260711T122055Z
wqvdja-ee.myshopify.com,1785a264-480f-4319-b535-eedf5f273c95,abandoned-checkout,ac-wave-1-20260711T122039Z
wtenje-d0.myshopify.com,e3e5b5d8-b545-4152-a4f1-bd173b8d1211,abandoned-checkout,ac-wave-5-20260711T122141Z
wwhw5a-r1.myshopify.com,3b0036c1-987f-467f-a85e-f67b61c1c8c2,abandoned-checkout,ac-wave-5-20260711T122141Z
x04csq-m1.myshopify.com,338e1e28-0036-440f-a34e-7f182d6cf4a2,abandoned-checkout,ac-wave-3-20260711T122109Z
x099au-ms.myshopify.com,dad705a9-e77b-45b9-a37f-df9bb76618b0,abandoned-checkout,ac-wave-5-20260711T122141Z
x4anme-iy.myshopify.com,745dc3a1-3bed-47cb-a3f0-634bffe41eaf,abandoned-checkout,ac-wave-4-20260711T122125Z
x7s5dw-jw.myshopify.com,e7bc2266-d0ae-4205-aa16-38f72b4d198f,abandoned-checkout,ac-wave-2-20260711T122055Z
xbbf0y-vp.myshopify.com,d8d504af-50c3-4d57-95f3-bf9812c8cb15,abandoned-checkout,ac-wave-3-20260711T122109Z
xg9bv6-vd.myshopify.com,3a994980-5e38-413f-a408-2dcfc660b91c,abandoned-checkout,ac-wave-3-20260711T122109Z
xgxkpj-3f.myshopify.com,b09ade1e-85f6-4d38-b1fc-37cd306ea540,abandoned-checkout,ac-wave-4-20260711T122125Z
xmaqpv-6q.myshopify.com,997011de-89c4-4857-bbcd-b18d37c06037,abandoned-checkout,ac-wave-1-20260711T122039Z
xp8yze-as.myshopify.com,c2202cf7-d93d-4591-a925-61fe8faf58a1,abandoned-checkout,ac-wave-4-20260711T122125Z
xrg82k-2b.myshopify.com,cb37d29f-a6d7-44b0-9c63-29263899f703,abandoned-checkout,ac-wave-4-20260711T122125Z
xsxsyv-j8.myshopify.com,fbffa028-616f-4395-9e6b-8f5abac1ce0b,abandoned-checkout,ac-wave-6-20260711T122154Z
xvbbz8-3f.myshopify.com,2c4a7837-a482-4dc3-8914-9c49297ee981,abandoned-checkout,ac-wave-1-20260711T122039Z
xwnvhi-w1.myshopify.com,7ddd42a6-e55f-4d94-85aa-5057809f3642,abandoned-checkout,ac-wave-4-20260711T122125Z
xzepvh-qw.myshopify.com,7232b13e-905c-4974-9cda-ecd42b4231d9,abandoned-checkout,ac-wave-2-20260711T122055Z
y2ab29-6e.myshopify.com,56396d86-1f55-408c-b135-571aadbba6f0,abandoned-checkout,ac-wave-5-20260711T122141Z
y3pjxd-y2.myshopify.com,c36d8702-ad20-4778-8d61-9e421c22d598,abandoned-checkout,ac-wave-5-20260711T122141Z
yaxqmv-bi.myshopify.com,1af495bb-9491-4bed-839d-1f8bf952b60c,abandoned-checkout,ac-wave-3-20260711T122109Z
yf41q1-mz.myshopify.com,c7273d52-cfe5-4c2b-88ed-c96c6f14e0a0,abandoned-checkout,ac-wave-6-20260711T122154Z
ygdkvt-ki.myshopify.com,8e122260-d3ef-46ea-8886-9533736a688e,abandoned-checkout,ac-wave-1-20260711T122039Z
you-design-we-create-ydwc.myshopify.com,8b6659d0-206a-4d3d-9fd3-905fe990675f,abandoned-checkout,ac-wave-5-20260711T122141Z
yourjerseyj.myshopify.com,785d8d8c-db64-41e7-956f-e1b71a349391,abandoned-checkout,ac-wave-1-20260711T122039Z
yq5bim-r7.myshopify.com,3dc98608-4fa2-4ff2-9e79-93f8c14c93cf,abandoned-checkout,ac-wave-1-20260711T122039Z
yvq044-tj.myshopify.com,ab0fb60e-febb-4507-95cd-a665b35bea65,abandoned-checkout,ac-wave-4-20260711T122125Z
yype9n-7r.myshopify.com,5bc422a5-7649-4e48-9286-6431d6294164,abandoned-checkout,ac-wave-2-20260711T122055Z
z3f71n-n0.myshopify.com,a9d13881-8f7c-4089-859a-62a7c1bfb418,abandoned-checkout,ac-wave-5-20260711T122141Z
z70hcb-gb.myshopify.com,cc6359e9-ea70-48fe-af17-9cd7e1d6caa9,abandoned-checkout,ac-wave-5-20260711T122141Z
zfcp7x-gq.myshopify.com,62531599-974d-44b4-aae4-2418e251b14c,abandoned-checkout,ac-wave-3-20260711T122109Z
zk0dwd-fv.myshopify.com,d65b1d51-0dd9-4b34-ad28-183b38bcc071,abandoned-checkout,ac-wave-3-20260711T122109Z
zre00q-ih.myshopify.com,31d213d3-a5eb-48c7-8590-5d03c4c12636,abandoned-checkout,ac-wave-3-20260711T122109Z
zw0kvi-zw.myshopify.com,71e8d21a-65cb-4b49-be38-d1f1e721042d,abandoned-checkout,ac-wave-4-20260711T122125Z
zx0t0m-23.myshopify.com,9a5444ed-2591-41bc-b436-393a3a8c837d,abandoned-checkout,ac-wave-5-20260711T122141Z
0jubp7-rn.myshopify.com,bf975faa-5aab-49cb-bdba-9b8b39a5f8a9,abandoned-checkout,ac-reconcile-1-20260714T113608Z
p9yk6d-wm.myshopify.com,4c96c1d4-520e-4f82-be3a-ce8ab89757fa,abandoned-checkout,ac-reconcile-1-20260714T113608Z
k0aues-7u.myshopify.com,419ef323-f2f4-46f1-813d-ceb697a62ca5,abandoned-checkout,ac-reconcile-1-20260714T113608Z
i49ngt-xf.myshopify.com,45aed391-50d8-4970-91da-7fc1346ed680,abandoned-checkout,ac-reconcile-1-20260714T113608Z
aavtar-com.myshopify.com,50717b89-10a0-4180-928a-8f2462f9184e,abandoned-checkout,ac-reconcile-1-20260714T113608Z
wqgm8c-1x.myshopify.com,9c70a1a2-730e-40bb-908d-7a4e988e2570,abandoned-checkout,ac-reconcile-1-20260714T113608Z
qtwtct-2d.myshopify.com,7d3ca25f-d793-42c5-a312-e83aa9eb5fab,abandoned-checkout,reconcile-2-20260716T090454Z
9cve1a-by.myshopify.com,97c90e59-c2ca-4f12-b845-0e29a5cc899d,abandoned-checkout,reconcile-2-20260716T090454Z
yb91ac-vz.myshopify.com,9e9047dd-cbff-4bcb-a6cc-22eabc5a95c8,abandoned-checkout,reconcile-2-20260716T090454Z
dev-store-learn.myshopify.com,0b708222-e241-47eb-b2a2-a416844ffbc3,abandoned-checkout,reconcile-2-20260716T090454Z
wsdw0x-ms.myshopify.com,f6f157c5-1dab-49df-92ac-498a1b040c70,abandoned-checkout,reconcile-2-20260716T090454Z
9bb317.myshopify.com,a1a213e8-7064-4bfb-82da-2540c845e9f7,abandoned-checkout,reconcile-2-20260716T090454Z
xcjmpd-wy.myshopify.com,d0eb472c-b71a-436a-a95f-100c9d27d841,abandoned-checkout,reconcile-2-20260716T090454Z
vxm6nd-be.myshopify.com,813f9ae1-478d-4a3b-a489-bf73a5d3a397,abandoned-checkout,reconcile-2-20260716T090454Z
80mmwx-tp.myshopify.com,47c4ca0e-663f-4de1-9829-6d89bb48cfea,abandoned-checkout,reconcile-2-20260716T090454Z
cfh6qi-qi.myshopify.com,f8989ff7-61c8-49af-9105-e4becbb328cc,abandoned-checkout,reconcile-2-20260716T090454Z
